date,own_speed_kph,own_throttle,own_brake,own_rpm,own_gear,own_drs,rival_speed_kph,rival_throttle,rival_brake,rival_rpm,rival_gear,rival_drs,gap_s,timestamp_s,speed_delta_kph,throttle_delta,rpm_delta,own_accel_kph_s,rival_accel_kph_s,gap_rate_s_per_s,speed_delta_roll_mean,speed_delta_roll_std,own_energy_mj,energy_uncertainty_mj,recovery_kw,recovery_uncertainty_kw,source_group,session_key,own_driver_number,rival_driver_number
2024-07-07 14:03:20.339000+00:00,242,59,0,10725,6,1,240,64,0,11465,6,1,0.112,0.0,2,-5,-740,0.0,0.0,0.0,2.0,0.0,,,,,0,9558,1,44
2024-07-07 14:03:20.579000+00:00,241,59,0,10751,6,1,238,65,0,11373,6,1,0.112,0.24,3,-6,-622,-4.166666666666667,-8.333333333333334,0.0,2.5,0.7071067811865476,,,,,1,9558,1,44
2024-07-07 14:03:20.899000+00:00,241,28,0,10459,6,1,239,78,0,11258,6,1,0.112,0.56,2,-50,-799,0.0,3.1249999999999996,0.0,2.3333333333333335,0.5773502691896258,,,,,2,9558,1,44
2024-07-07 14:03:21.259000+00:00,233,53,0,10541,6,1,239,78,0,11258,6,1,0.112,0.92,-6,-25,-717,-22.22222222222222,0.0,0.0,0.25,4.193248541803041,,,,,3,9558,1,44
2024-07-07 14:03:21.699000+00:00,238,100,0,10812,6,1,242,100,0,11520,6,1,0.112,1.36,-4,0,-708,11.363636363636362,6.8181818181818175,0.0,-0.6,4.09878030638384,,,,,4,9558,1,44
2024-07-07 14:03:21.939000+00:00,244,100,0,10996,6,1,244,100,0,11586,6,1,0.112,1.6,0,0,-590,25.0,8.333333333333334,0.0,-1.0,3.872983346207417,,,,,5,9558,1,44
2024-07-07 14:03:22.339000+00:00,250,100,0,11237,6,1,257,100,0,10501,7,1,0.112,2.0,-7,0,736,15.000000000000004,32.50000000000001,0.0,-3.0,3.872983346207417,,,,,6,9558,1,44
2024-07-07 14:03:22.499000+00:00,252,100,0,11350,6,1,258,100,0,10641,7,1,0.112,2.16,-6,0,709,12.49999999999999,6.249999999999995,0.0,-4.6,2.792848008753788,,,,,7,9558,1,44
2024-07-07 14:03:22.699000+00:00,255,100,0,11436,6,1,267,100,0,10939,7,1,0.112,2.36,-12,0,497,15.00000000000002,45.00000000000006,0.0,-5.8,4.3817804600413295,,,,,8,9558,1,44
2024-07-07 14:03:22.899000+00:00,258,100,0,11597,6,1,271,100,0,11130,7,1,0.112,2.56,-13,0,467,14.999999999999988,19.999999999999982,0.0,-7.6,5.224940191045253,,,,,9,9558,1,44
2024-07-07 14:03:23.099000+00:00,261,100,0,11365,6,1,273,100,0,11257,7,1,0.112,2.76,-12,0,108,15.00000000000002,10.000000000000014,0.0,-10.0,3.2403703492039306,,,,,10,9558,1,44
2024-07-07 14:03:23.339000+00:00,264,100,0,10444,6,1,275,100,0,11337,7,1,0.112,3.0,-11,0,-893,12.49999999999999,8.333333333333327,0.0,-10.8,2.774887385102322,,,,,11,9558,1,44
2024-07-07 14:03:23.619000+00:00,266,100,0,10586,7,1,277,100,0,11421,7,1,0.112,3.28,-11,0,-835,7.142857142857148,7.142857142857148,0.0,-11.8,0.8366600265340772,,,,,12,9558,1,44
2024-07-07 14:03:23.939000+00:00,269,100,0,10696,7,1,277,100,0,11466,7,1,0.112,3.6,-8,0,-770,9.374999999999991,0.0,0.0,-11.0,1.8708286933869713,,,,,13,9558,1,44
2024-07-07 14:03:24.220000+00:00,271,100,0,10842,7,1,281,100,0,11549,7,1,0.149,3.881,-10,0,-707,7.117437722419937,14.234875444839874,0.1316725978647688,-10.4,1.516575088810311,,,,,14,9558,1,44
2024-07-07 14:03:24.380000+00:00,273,100,0,10864,7,1,281,100,0,11589,7,1,0.149,4.041,-8,0,-725,12.499999999999954,0.0,0.0,-9.6,1.516575088810311,,,,,15,9558,1,44
2024-07-07 14:03:24.700000+00:00,277,100,0,11049,7,1,283,100,0,11673,7,1,0.149,4.361,-6,0,-624,12.500000000000023,6.2500000000000115,0.0,-8.6,1.9493588689617933,,,,,16,9558,1,44
2024-07-07 14:03:24.900000+00:00,278,100,0,11102,7,1,285,100,0,11693,7,1,0.149,4.561,-7,0,-591,4.999999999999996,9.999999999999991,0.0,-7.8,1.4832396974191333,,,,,17,9558,1,44
2024-07-07 14:03:25.100000+00:00,280,100,0,11163,7,1,285,99,100,11614,7,1,0.149,4.761,-5,1,-451,9.999999999999991,0.0,0.0,-7.2,1.923538406167135,,,,,18,9558,1,44
2024-07-07 14:03:25.500000+00:00,281,21,0,11132,7,1,253,10,100,10370,7,1,0.149,5.161,28,11,762,2.5000000000000036,-80.00000000000011,0.0,0.4,15.469324484281788,,,,,19,9558,1,44
2024-07-07 14:03:25.740000+00:00,265,0,100,10351,7,1,233,2,100,10053,7,1,0.149,5.401,32,-2,298,-66.66666666666661,-83.33333333333326,0.0,8.4,19.781304304822775,,,,,20,9558,1,44
2024-07-07 14:03:25.940000+00:00,244,0,100,9420,7,1,212,0,100,9787,7,1,0.149,5.601,32,0,-367,-104.9999999999999,-104.9999999999999,0.0,16.0,20.161845153655953,,,,,21,9558,1,44
2024-07-07 14:03:26.300000+00:00,214,0,100,10227,7,1,180,0,100,10757,5,1,0.149,5.961,34,0,-530,-83.33333333333326,-88.88888888888881,0.0,24.2,16.46815108019112,,,,,22,9558,1,44
2024-07-07 14:03:26.580000+00:00,189,0,100,10884,5,1,163,0,100,11329,5,1,0.149,6.241,26,0,-445,-89.28571428571449,-60.71428571428585,0.0,30.4,3.2863353450309964,,,,,23,9558,1,44
2024-07-07 14:03:26.900000+00:00,164,0,100,10833,4,1,138,0,100,9749,3,1,0.149,6.561,26,0,1084,-78.12499999999993,-78.12499999999993,0.0,30.0,3.7416573867739413,,,,,24,9558,1,44
2024-07-07 14:03:27.179000+00:00,145,0,100,9933,3,1,129,1,100,8733,3,1,0.149,6.84,16,-1,1200,-68.1003584229391,-32.25806451612904,0.0,26.8,7.014271166700073,,,,,25,9558,1,44
2024-07-07 14:03:27.539000+00:00,128,0,100,8801,3,1,116,10,100,8119,3,1,0.292,7.2,12,-10,682,-47.22222222222218,-36.11111111111108,0.3972222222222218,22.8,8.78635305459552,,,,,26,9558,1,44
2024-07-07 14:03:27.779000+00:00,120,0,100,8390,3,1,113,23,100,8046,3,1,0.292,7.44,7,-23,344,-33.33333333333331,-12.49999999999999,0.0,17.4,8.473488065725945,,,,,27,9558,1,44
2024-07-07 14:03:28.019000+00:00,113,0,100,7729,3,1,107,14,100,7500,3,1,0.292,7.68,6,-14,229,-29.16666666666675,-25.00000000000007,0.0,13.4,8.1117199162693,,,,,28,9558,1,44
